Epoch,accuracy,precision,recall,f1
1,0.9703770197486535,0.9595375722543352,0.9764705882352941,0.967930029154519
2,0.9730700179533214,0.9597701149425287,0.9823529411764705,0.9709302325581395
3,0.9730700179533214,0.9597701149425287,0.9823529411764705,0.9709302325581395
