Epoch,accuracy,precision,recall,f1
1,0.5296229802513465,0.50332383665717,0.9981167608286252,0.6691919191919192
2,0.5296229802513465,0.50332383665717,0.9981167608286252,0.6691919191919192
